Customer ID,Name,Salary,Onbaord Date,Client Company
BTB42XSM8BR,Reed Cline,"$2,719.56 ",16-Aug-22,Habitant Morbi Corporation
QNN33SBC9YG,Oleg Tillman,"$3,691.13 ",14-Jan-23,At Risus Limited
HSV63XIV5VU,Camden Melton,"$2,295.12 ",08-Jul-22,Orci PC
XBM71JQN3YT,Lance Mullen,"$2,075.92 ",23-Aug-22,Hendrerit Consectetuer Corporation
IMR42NSY6QC,Ethan Mcguire,"$2,185.04 ",10-Jul-23,Libero Ltd
QBS68SFF6ET,George Levine,"$3,221.63 ",17-Mar-23,Arcu Incorporated
HCN55KGU3FK,Branden Horne,"$4,995.02 ",05-Sep-23,Ipsum Ac Institute
XRN15SJE6UL,Noah Montgomery,"$1,327.04 ",11-Jul-23,Interdum Limited
SSE79BJJ6MY,Alisa Villarreal,"$4,153.78 ",22-Aug-23,Nec Quam Curabitur Institute
MLO75TBE4EE,Claire Frederick,"$1,081.13 ",01-Nov-22,Mollis LLC
NDR47LUJ5XQ,Elmo Chaney,"$3,378.33 ",24-Jun-23,Nunc Quisque Inc.
HEU63WEI6ML,Alden Gutierrez,"$3,333.50 ",10-Sep-22,Nec Luctus Corporation
WKF38WSG2OQ,Cally Newton,"$3,884.92 ",03-Jul-23,Interdum Feugiat Industries
TPC11FCI3UG,Breanna Barrera,"$3,870.14 ",20-Sep-23,Nullam Inc.
IJB64BYY8HF,Unity Soto,"$1,156.15 ",05-Aug-22,Vitae Mauris Sit Institute
GEN77HSR8JL,Haley Burch,"$2,743.72 ",16-Jul-22,Natoque Foundation
XNW84ZUH9SB,Avye Williamson,"$4,041.69 ",27-Sep-23,In Nec Orci Limited
ZCV69TLV3XM,Kibo Clayton,"$2,512.47 ",12-Sep-23,Integer Mollis Foundation
XLU79QKK0RL,Lara Bray,"$2,335.66 ",28-Jun-23,Convallis Convallis PC
AQH70VYL5PU,Destiny Cote,"$1,218.39 ",22-Aug-23,Adipiscing Fringilla PC
OCY27NJR5SM,Miranda Weaver,"$1,594.90 ",03-Aug-23,Mi Lacinia Inc.
CDL81WLB8SD,Francesca Sexton,"$4,359.30 ",21-Aug-22,Cubilia Curae LLP
BWO44ISP6CI,Devin Barton,"$3,462.95 ",26-Jul-23,Et Foundation
WLM75KXG3KM,Noelani Salas,"$1,999.93 ",18-Nov-22,In Dolor Ltd
PYD45DNY5HM,Hilda Hurley,"$2,697.46 ",08-Sep-23,Nisi Cum Corporation
SFW38UCU5RZ,Adrienne Mcdaniel,"$2,383.41 ",14-Sep-22,Mattis Velit Justo Limited
LAS69WNB5CQ,Rhiannon Burns,"$3,360.27 ",23-Feb-23,Vestibulum Inc.
BHV06TZJ8NV,Nina Woodard,"$2,207.32 ",09-Mar-23,Nulla Cras LLC
HLR98NFF1JY,Hanna Estrada,"$4,197.13 ",14-May-23,Cras Dolor Corporation
UKJ37LJT2MD,Philip Baldwin,"$1,695.88 ",13-Feb-23,Velit Pellentesque Corporation
GCS38HHD3FE,Cruz Mitchell,"$3,294.98 ",26-Mar-23,Tempor Bibendum Donec LLC
XVK69QTY0GM,Petra Tucker,"$2,387.97 ",10-Jul-23,Duis LLP
CBL86MVU6EI,Griffin Salinas,"$2,735.52 ",05-Dec-22,Purus Gravida Limited
MDX22BLD1WU,Malik Montgomery,"$3,750.65 ",09-Aug-23,Metus Vivamus Euismod Ltd
FYI04NNM5PE,Linda Ramos,"$2,258.61 ",23-Sep-22,Sollicitudin Adipiscing Industries
CTF62YLH6KQ,Libby Ewing,"$2,855.73 ",03-Oct-22,Orci Sem Foundation
KZO31VDJ4QM,Eugenia Weaver,"$3,826.94 ",23-Jul-22,Ut Pellentesque LLP
SBL08KVS7VS,Beau Dixon,"$1,570.98 ",18-Jan-23,Natoque Penatibus Et Company
SLO98EXU4TV,Jamalia Williamson,"$1,301.48 ",02-Sep-22,Morbi Quis Urna Company
FSP01BYI0EF,April Vincent,"$2,395.73 ",01-Feb-23,Eu Tellus Eu Foundation
FVL64JNL2AM,Amy Haley,"$2,494.90 ",08-Aug-22,Cursus Luctus Limited
DKL84VMM6PW,Peter Macdonald,"$3,825.52 ",10-Mar-23,Dictum Augue Incorporated
NNX01SPF0PM,Iona Kinney,"$1,965.21 ",24-Jan-23,Tellus Associates
SGS31QSV4PL,Zephania Bright,"$1,148.27 ",31-Jan-23,Ac Metus PC
MEH01PQD2BE,Barrett Owen,"$4,664.01 ",12-Oct-23,Libero LLP
DZH53BPA6DK,Nyssa Roberson,"$1,133.77 ",17-Aug-22,Sit Limited
WEI65JNC6VE,Judah Mcintosh,"$3,632.85 ",24-Jul-22,Erat Nonummy LLC
LYX57NIG1FL,Burton Kelley,"$1,395.57 ",09-Jun-22,Dapibus Corp.
BCH69PXF0OT,Stella Morin,"$2,807.11 ",14-Aug-22,Lorem Vitae Industries
MFI06SXU4VF,Kitra Walters,"$3,055.61 ",23-Aug-23,Nisi Nibh Lacinia Limited
LXG61URS0HP,Cara Barton,"$4,766.37 ",01-Aug-22,Risus Quisque LLC
ASW96BJC2YA,Idona Moses,"$1,675.71 ",30-Jun-23,Dictum Eu Placerat Incorporated
BFJ99HZL9KR,Liberty Powell,"$1,011.19 ",04-Aug-23,Auctor Institute
PFF72HOE7KD,Merrill Blankenship,"$4,164.07 ",13-Oct-22,Dictum Incorporated
HZV37KPG3SF,Jana Vang,"$2,474.21 ",13-Apr-23,Non Vestibulum Nec Ltd
KGL41EOL8PN,Desiree Blevins,"$3,604.84 ",03-Mar-23,Eget Ipsum Corp.
YDO32YYA8JO,Venus Preston,"$3,778.90 ",18-Apr-23,Sollicitudin A PC
WDK10QKX3RF,Amber Rasmussen,"$2,469.56 ",17-Sep-22,Arcu Imperdiet Ullamcorper Foundation
QTL22ECY4SC,Dora Love,"$2,335.95 ",29-Dec-22,Sociis Natoque Ltd
YUX37ONI3WO,Karly Duncan,"$4,065.77 ",08-Jul-23,Mi Enim Ltd
PIK71TVH6KK,Beau Durham,"$4,364.94 ",18-Feb-23,Suspendisse Industries
WNP84KTR7SK,Sonia White,"$1,846.46 ",08-Jul-23,Nec Enim PC
QGJ97RGR3UV,Angela Jacobs,"$4,241.95 ",07-Oct-22,Vehicula Pellentesque Consulting
YPY65HIM5BN,Edward Barnes,"$1,189.08 ",30-Nov-22,Feugiat Tellus Corp.
BFI52KJY1CZ,Price Adams,"$2,782.78 ",29-Jan-23,Urna Ut Inc.
MJR04PHK3IE,Wanda Lott,"$2,526.42 ",22-Apr-23,Nibh Quisque Nonummy Limited
BSM66YMW2SC,Ayanna Estes,"$4,451.18 ",09-May-23,Litora Corp.
IWM75OID4XV,Dawn Head,"$1,264.25 ",22-May-23,Magnis Dis Foundation
LAI37HEE8HR,Heather House,"$2,154.13 ",22-Dec-22,Dignissim Pharetra Inc.
VFE15LZC6EU,Wallace Hendrix,"$2,267.78 ",16-Aug-22,Convallis In Cursus Industries
NNE29SKO4LT,Rylee Patrick,"$2,566.66 ",06-Sep-22,Nonummy PC
YZD70TTE5DN,TaShya Rivers,"$2,043.93 ",13-Feb-23,Eu Tellus Eu Company
JYR17MBG2LN,Rajah Stone,"$3,480.70 ",30-Jan-23,Lectus Convallis LLP
MIE84KLD1NY,Lisandra Pennington,"$4,879.54 ",15-Aug-22,Mattis Velit Justo Limited
DAC39DIY3PZ,Alan Washington,"$2,037.65 ",04-Jul-23,Eu Incorporated
QDG41GKV7AK,Audra Mullen,"$2,770.77 ",13-Sep-23,Dictum Incorporated
RNO36RLY2MT,Clayton Waters,"$4,882.97 ",12-Sep-23,Mauris Corp.
OXH39UTY4SE,Hayfa Avila,"$1,288.09 ",10-Jul-22,Molestie Industries
KDW13NGN0XF,Whitney Hurley,"$2,966.93 ",07-Oct-22,Morbi Incorporated
ZQR74YTX5QQ,Wanda Wolf,"$4,350.65 ",09-Apr-23,Suspendisse Aliquet Sem Incorporated
RSE84OHR2KH,Lester Tate,"$3,915.44 ",22-Sep-22,Ullamcorper Consulting
HJY10IMN3VL,Lester Combs,"$4,390.72 ",16-Aug-23,Magna Corporation
VYB28UPT2NP,Cain Henderson,"$1,288.99 ",17-May-23,Magna Praesent PC
EPW58MII8RZ,Winifred Shaffer,"$1,194.13 ",18-Sep-22,Diam Luctus Associates
NQD37ZVV4KK,Jillian Hurley,"$2,443.77 ",18-Jun-23,Sociis Natoque Associates
JRQ85NRH1LH,Dara Miller,"$1,942.27 ",18-Jun-23,Non Magna Nam Industries
EXR70OSK0QK,Rama Carpenter,"$1,468.66 ",09-Jun-23,Quam Limited
MTY16GHN7UE,Denton Mcbride,"$1,528.72 ",27-Dec-22,Venenatis Corp.
USW73VTL4PK,Helen Haney,"$3,911.51 ",09-Oct-23,Nunc LLP
VNF56TGM1FM,Brynn Dorsey,"$2,221.03 ",22-Jul-23,Sed Corporation
ANG21YGP1WC,Walter Crosby,"$1,532.87 ",21-Sep-23,Pharetra Corp.
MRQ65PGC7PM,Griffith Joseph,"$1,962.44 ",03-Jun-23,Venenatis A Industries
KXJ52ZUC5OV,Zachary Everett,"$4,197.16 ",05-Jan-23,Pretium Et Rutrum Company
KKL88CQH6BR,Plato Mathews,"$4,194.85 ",14-Jan-23,In Consequat Incorporated
FPC80PNT3QX,Alice Cobb,"$2,689.38 ",18-Feb-23,Mauris Inc.
WMT21KJQ0JE,Dylan Chandler,"$2,620.67 ",29-May-23,Inceptos Hymenaeos Incorporated
NDB89YCL0IE,Kim Houston,"$1,689.98 ",18-Nov-22,Euismod Et Commodo LLC
CHD35YGB5WU,Dalton Gaines,"$1,266.27 ",17-Oct-23,Urna Nullam Limited
HMT46INV6OY,Chester Hester,"$2,415.57 ",19-Sep-22,Eget Inc.
YCM92HXI1EJ,Ezekiel Dickson,"$1,938.43 ",21-Oct-23,Amet Associates
QIS65QIH4LA,Hope Savage,"$2,875.03 ",20-Apr-23,Nisi Sem Semper Company
GNU00GCR5UE,Galvin Shelton,"$2,426.04 ",16-Jul-23,Auctor Industries
ILJ54ESJ6OI,Tashya Shaffer,"$1,990.39 ",29-Oct-23,Magna Malesuada Inc.
NJD80JWP3WE,Josiah Branch,"$4,489.20 ",17-Dec-22,Id Enim Curabitur Corporation
DZB43LCO1BP,Zelda Young,"$1,421.18 ",18-Jul-23,Duis Ac Incorporated
PEH70FHK5PJ,Merritt Coleman,"$2,057.61 ",25-Nov-22,Et Eros Proin Ltd
MPN13YHQ9GY,Jermaine Kidd,"$1,857.77 ",23-Sep-22,Donec Company
CLJ84SUV4XF,Chastity Michael,"$3,198.65 ",03-Jul-22,Arcu Vestibulum Limited
NRG19LNX5EH,Rachel Becker,"$2,015.79 ",10-Jan-23,Sed Libero Institute
CMN61RNP8PY,Deirdre Summers,"$2,084.68 ",04-Aug-22,Eget Corp.
ANP41PHZ0RN,Dustin Armstrong,"$4,102.24 ",09-Aug-22,Felis LLC
ERA66DTC4KE,Tallulah Gomez,"$3,792.63 ",28-Mar-23,Neque Sed Eget Incorporated
ZBH05JBB3QH,Amela Baxter,"$3,216.72 ",15-May-23,Cras Inc.
WBH45OEN8MK,Ariana Foley,"$3,277.04 ",30-Nov-22,Integer Eu Lacus Corp.
MTI15CNV9BU,Nelle Lawson,"$1,381.26 ",07-Jun-23,Ac Metus Vitae Associates
ARJ11ORB9SJ,Rhonda Barber,"$1,977.72 ",11-Jul-23,Sed Corp.
RLT25CRG6QW,Dylan Joyner,"$3,981.94 ",06-Jul-22,Eu Eleifend Incorporated
GMH68GXE2LA,Patrick Patton,"$4,074.04 ",26-Sep-22,Malesuada Foundation
EKJ74PSM4GQ,Deanna Keller,"$3,010.21 ",22-Oct-22,Aliquet Magna A LLC
RBL37LOO4OC,Lillian Rivas,"$2,641.70 ",31-May-23,Lectus A Sollicitudin Institute
NKX77TOG5YZ,Teegan Roberson,"$4,602.53 ",08-Apr-23,Morbi Ltd
MNZ36TAN1XD,Drake Black,"$3,842.35 ",22-Jun-22,Fringilla Purus Institute
PNU15YCT2VV,Jamalia Avila,"$1,114.66 ",08-Oct-23,Suscipit Limited
KVM55LHN4YM,Venus Compton,"$3,312.15 ",13-Feb-23,Elit Pharetra Ut Ltd
NSS23XRG1FV,Hedy French,"$4,815.66 ",03-Aug-22,Tempor Arcu Vestibulum Ltd
DYJ89FBO3AF,Finn Padilla,"$1,610.85 ",29-Jul-22,Neque Incorporated
FIO65OKA9OH,Phelan Daniels,"$2,342.37 ",06-Feb-23,Condimentum Foundation
LWB36CUQ4JT,Leslie Gates,"$2,014.63 ",21-Oct-22,Ipsum Limited
ZBJ96JPO7QB,Sybill Hyde,"$3,684.87 ",13-Jun-22,Et Magnis Foundation
YEO74RMU2ZM,Ann Joseph,"$3,121.13 ",07-Jul-23,Luctus Aliquet Limited
UWO58EPR2PG,Shelby Cummings,"$1,199.02 ",20-Apr-23,Justo Eu Ltd
QZD88KEW4RC,Hanae White,"$4,455.73 ",21-Oct-23,Ante Iaculis Corporation
QFO48UXI8LK,Elliott Espinoza,"$2,087.38 ",26-Oct-23,Quisque Imperdiet Erat Incorporated
XHW75XGD7BH,Martin Acevedo,"$4,794.49 ",10-Sep-22,Aliquam Inc.
ILD95EJP1EQ,Rae Larsen,"$1,496.50 ",27-Oct-23,Orci Ut Sagittis Foundation
NHD29TRF3YG,Sydney Greer,"$3,899.75 ",13-Dec-22,Dis Parturient Incorporated
DMY13DFK3MS,Selma Sutton,"$1,212.98 ",25-Sep-23,Libero Lacus Incorporated
MKL58NGD1ZL,Ciaran Gilmore,"$2,619.44 ",07-Feb-23,In Corp.
VSZ68ZRT8SP,Baxter Bauer,"$4,971.23 ",01-Jul-22,Nec Ante Blandit PC
VUQ82NGB8BE,Amela Avery,"$4,583.55 ",15-Jul-23,Natoque LLC
OBM84JEK5HS,Xantha Mooney,"$3,133.81 ",12-Jan-23,Non Associates
BSN64LXQ3UL,Dieter Day,"$3,552.29 ",16-Jul-23,Vel Convallis Corp.
QZH48DHU5TB,Myles Mccarthy,"$2,017.73 ",16-Feb-23,Eu Tempor Foundation
CGT54PDD4MG,Chaim Matthews,"$1,598.79 ",31-Aug-23,Enim Diam Inc.
UUR62TPS8VM,Nissim Kemp,"$1,457.93 ",09-Jul-22,Elit Curabitur Sed Limited
KKD17KBN6FG,Diana Combs,"$2,754.50 ",11-Dec-22,Parturient Montes Associates
IMV94HRI8LM,Oliver Acosta,"$3,575.22 ",11-Jan-23,Quisque Incorporated
TNB33BHN1WM,McKenzie Sherman,"$3,774.04 ",15-Oct-23,Tortor Dictum Eu Institute
TSM15VPB1NN,Catherine Fuller,"$3,223.69 ",26-Apr-23,Neque Limited
LKL67NVT3AV,Julian Harrison,"$2,798.39 ",28-Jan-23,Nonummy Ac Limited
TRU29VEP2ND,Gareth Jenkins,"$3,471.03 ",14-Jun-23,Sed Tortor Consulting
JMU04OCZ7YG,Barry Francis,"$2,127.93 ",28-Jun-23,Ipsum Porta Elit Company
RZP76PID2LP,Hayden Wooten,"$4,024.07 ",19-Nov-22,Dignissim Pharetra Nam Consulting
QJX02NHG8DH,Tatyana Ingram,"$2,278.69 ",16-Apr-23,Egestas Duis Limited
BCL72XQT4HM,Wallace Fuller,"$3,240.25 ",20-Jul-22,Donec Elementum Industries
EVY22KXG6UA,Kameko Barrett,"$3,799.60 ",11-Oct-22,Morbi Neque Tellus Inc.
SDH34GGU2YC,Ezekiel Hammond,"$2,363.10 ",03-Jul-23,Eu Incorporated
TFK28CBM1OE,Leo Brewer,"$2,587.88 ",09-Jul-23,Lorem Sit Amet Limited
OVP06KVE3ZM,Sebastian Walter,"$2,522.73 ",19-Dec-22,Venenatis A PC
OII24RWG8LB,Iliana Gill,"$4,513.91 ",28-Jul-22,At Velit Pellentesque Foundation
YUY50MLE4KW,Elizabeth Callahan,"$2,374.21 ",08-May-23,Rutrum Associates
HSR87JJD7RS,Kessie Barnett,"$2,518.51 ",30-Jun-22,Risus Varius Institute
YZH82UBW2RM,Juliet Burton,"$4,416.89 ",23-Aug-23,Arcu Sed Institute
IWU38TBN7HN,Zoe Weiss,"$1,543.77 ",14-Oct-23,Cursus Luctus LLP
CWJ03VYQ8PB,Alexis Huffman,"$3,105.29 ",19-Jul-23,Arcu Sed LLP
BPF21VTE2OG,Reuben Hurst,"$4,390.29 ",20-Sep-22,A Felis Ullamcorper Ltd
ISG28ZNH9WO,Kane Duncan,"$4,832.65 ",12-Jun-23,Arcu Sed Corp.
WHI71CSH7XI,Violet Williamson,"$3,147.56 ",06-May-23,In Foundation
TWB32JYC6QP,Calvin Tyler,"$4,279.78 ",15-Nov-22,Pede Suspendisse Ltd
MTT95ROP7FB,Tad Dean,"$2,577.39 ",16-Mar-23,Ullamcorper Duis Consulting
KUJ65EOV7BD,Laith Stevenson,"$4,589.84 ",15-Aug-22,Quisque Purus Inc.
GNC76WMK7UV,Barry Todd,"$1,900.53 ",18-Jun-22,Nunc Sollicitudin Commodo LLC
QXN34QDL8HP,Bruce Summers,"$1,670.77 ",21-May-23,Conubia Nostra Per LLP
AOW14OZV0UA,Adrienne Parrish,"$1,744.49 ",16-Apr-23,Orci Adipiscing Consulting
RZH82XFA5PZ,Zeph Garner,"$3,768.13 ",20-Feb-23,Erat Eget Institute
RKO36JKL1KG,Teagan Aguirre,"$1,432.76 ",25-Jun-22,Elit Aliquam Auctor PC
OUT76QJE5PU,Dennis Beck,"$2,447.34 ",18-May-23,Vel Convallis LLP
RBU46BYQ2HU,Winter Callahan,"$4,383.14 ",09-Sep-22,Nisi Cum Corp.
VCS51EFQ1YX,MacKensie Mcpherson,"$1,544.73 ",19-Oct-23,Ridiculus Mus Incorporated
XVP39KIF2JW,Giacomo Vaughan,"$1,968.51 ",18-Aug-23,Consectetuer Adipiscing Elit Corp.
HXM82TPY3OS,Ciaran Hardy,"$4,906.79 ",17-Aug-23,Sed Orci Lobortis Associates
JGW02BLW7YR,Harlan Cortez,"$1,447.75 ",22-Sep-22,Id Magna Corporation
ZCQ87LQW5UG,Sonya Hammond,"$1,918.41 ",04-Sep-22,Semper Ltd
JUF33GFX5XH,Daquan Hicks,"$4,761.86 ",24-Nov-22,Et Eros Proin Ltd
IQJ55XQJ7PM,Keegan Russell,"$4,986.50 ",09-Mar-23,Eget Metus In Industries
SKH72XTG0BM,Donovan Melton,"$1,067.18 ",08-Mar-23,Sapien PC
FTL66YRB4BN,Ebony Hoover,"$2,484.91 ",03-Sep-23,Eget Institute
WYY47QWZ7FX,Hiroko Mosley,"$2,534.05 ",05-Aug-23,Purus Duis Inc.
GNW26TJL4JV,Camilla Boone,"$1,722.27 ",16-Jun-22,Molestie Sed Industries
QOM45ERD9KU,Aristotle Hancock,"$1,280.03 ",05-Apr-23,Aliquet Diam Sed Corp.
QEO56PRY5KJ,Jordan Madden,"$2,916.26 ",23-Jun-22,Felis Donec PC
HSX51OEC4UD,Acton Roth,"$1,188.53 ",07-Jan-23,Sed Nec Metus Foundation
UQD81UQO8PN,Edward Sanford,"$2,274.05 ",16-Aug-22,Ac Ipsum Phasellus Company
FHM85QPH8SS,Jayme Lindsay,"$4,633.20 ",26-Jun-23,Integer Tincidunt Aliquam Institute
OIG38MSE2QN,Ivy Richards,"$3,765.99 ",10-Sep-23,Dictum Eu Limited
JBI23CCT7KF,Gillian Riddle,"$2,934.92 ",16-Sep-22,Adipiscing Lacus Ut Institute
PAV13EGR7CG,Amir Sampson,"$3,679.25 ",13-Aug-23,Eleifend LLP
DNX84TGD3TF,Griffin Campos,"$4,097.27 ",07-Jul-23,Odio Industries
VPM41XSN8LX,Drake Patton,"$2,913.96 ",31-Mar-23,Nullam Nisl Industries
RWO82IEF3LQ,Jocelyn Rivers,"$1,912.12 ",14-Aug-22,Parturient Montes Foundation
INE64NMU4YR,Maxine Stout,"$4,214.68 ",17-Aug-22,Est Mauris Rhoncus Associates
JUG56ZYL7QQ,Maxine Sims,"$2,570.66 ",02-Sep-23,Nunc Associates
GUX56BIM3YW,Omar Finch,"$3,000.60 ",15-Aug-22,Integer In Magna Corporation
SVO86CJB9RP,Hamish Howe,"$2,881.37 ",11-Jun-22,Praesent Eu Foundation
ZCJ56KQV6DM,Christen Floyd,"$3,761.36 ",07-Oct-22,Mi Industries
QDH06TKL4YE,Arden Dale,"$1,449.01 ",10-Oct-23,Sodales Purus In PC
CQT42MOX8HB,Carson Zimmerman,"$1,814.94 ",15-Jan-23,Sem Eget Massa Associates
KEQ61OCW1QR,Kiona Stout,"$2,460.86 ",06-Jan-23,Justo Praesent Corporation
PRD93VNH6YJ,Kyla Duffy,"$1,680.16 ",06-May-23,Per Inceptos Hymenaeos Consulting
SJU01BTO7CK,Stella Butler,"$3,901.14 ",21-Jun-23,Laoreet Lectus Ltd
TMA25DVC5HK,Lisandra Myers,"$4,997.89 ",13-Nov-22,Facilisis LLP
MCY62UPG4EL,Francesca Ford,"$1,956.69 ",15-Aug-22,In Limited
CNV25CMB2EX,Donovan Shannon,"$3,541.01 ",06-Feb-23,Lectus Nullam Inc.
LRY21XDW1IE,Levi Alston,"$3,030.66 ",20-May-23,Accumsan Corp.
AML12DUT2QH,Pascale Martin,"$1,701.79 ",14-Nov-22,Erat Limited
HTG67OWH7PL,Warren Hahn,"$1,045.81 ",03-Jan-23,Sagittis Augue LLP
CGV68BLU8ZO,Hamilton Mayo,"$1,178.95 ",12-Jun-22,Vitae LLC
LJP72BEB2CD,Allistair Whitley,"$3,162.51 ",12-Feb-23,Varius Ultrices Mauris Associates
MJS00BUG9RF,Medge Hendrix,"$3,170.50 ",20-Aug-22,Nunc Commodo Associates
FDV41NPE6VH,Madeson Vinson,"$3,474.36 ",19-Jun-23,Lobortis Nisi Nibh Industries
DPS52HFY6WK,Lynn Stone,"$2,942.48 ",20-Apr-23,Nec Luctus Felis Foundation
ICB86SWI5TD,Jermaine Collier,"$1,405.89 ",17-Oct-22,Metus Aliquam Industries
HOR60RKU9XV,Zenaida Joseph,"$1,369.88 ",23-Apr-23,Tempus Scelerisque Industries
FGE37QWO4EL,Whilemina Le,"$1,475.36 ",31-Aug-22,Dignissim Incorporated
VWN48BRQ5SY,Chava Campos,"$3,109.73 ",09-Nov-22,Vulputate Lacus Corp.
QZR86PPE0MW,Nola Hopkins,"$1,690.50 ",27-Feb-23,Orci Foundation
AMV56SWT3EM,Vernon Coleman,"$2,396.15 ",07-Oct-23,Arcu Corporation
JVQ53QOW5LW,Chancellor Paul,"$4,324.63 ",31-Aug-22,Sagittis Inc.
IXD91IVY1LB,Gregory Hendricks,"$2,092.47 ",08-Dec-22,Duis Ltd
DGS74JJP8BE,Rose O'Neill,"$2,881.48 ",17-Oct-23,Metus Corp.
HLS63AJC2XB,Bertha Macias,"$1,395.29 ",14-Oct-22,Nec LLC
GXC01ONN1UX,Cheyenne Sosa,"$1,101.83 ",15-Jun-23,Risus In Mi Industries
AFD96ANR4MQ,Jena Simmons,"$1,476.43 ",26-Sep-23,Ipsum Leo Ltd
GIL56XNN7XI,Luke Diaz,"$2,213.69 ",25-May-23,Maecenas Ornare Egestas Limited
AWT65YAP8OJ,Zena Pena,"$3,450.58 ",13-Jan-23,Cubilia Curae Industries
WNG76MLH0BZ,Knox Spencer,"$4,600.80 ",29-Sep-22,Lacus Nulla Tincidunt Incorporated
MCQ67CMJ6BX,Lewis Downs,"$2,132.20 ",24-Sep-23,Eget Nisi Dictum Institute
ETJ68JLF3RB,Jeremy Coffey,"$3,116.46 ",13-Oct-22,Metus Company
DOL32FLX2JR,Nayda Petersen,"$3,637.57 ",04-Sep-22,Orci Sem Eget Consulting
VYR63HTE2PE,Tanner Cardenas,"$1,208.16 ",12-Dec-22,Elit Aliquam Ltd
LSL21MLR2YV,Elvis Shannon,"$2,598.77 ",15-Sep-23,Natoque Penatibus Et Corporation
GQY12HCV7RT,Cairo English,"$1,293.70 ",06-Apr-23,Faucibus Ut Inc.
ESL80PPB5UL,Stuart Evans,"$2,906.75 ",01-Sep-23,Luctus Aliquet Institute
XPJ45HCC5OF,Colton Britt,"$2,236.04 ",07-Apr-23,Sed Nec Inc.
TFB21HQW2OL,Cassady Roberson,"$4,528.12 ",29-Oct-22,Vel Convallis In Industries
IXU11SRM9DB,Zephr Wise,"$1,656.61 ",27-Dec-22,Fusce Diam Institute
OWS70HNJ1BU,Tasha Roy,"$3,672.97 ",02-Jul-22,Sit Amet Industries
FXR72QBS6UR,Jonah Glenn,"$4,418.47 ",01-Sep-23,Tincidunt Corp.
PGG61PTV5ZP,Caesar Shepherd,"$2,685.73 ",26-Feb-23,Molestie Dapibus LLP
CQJ55AAM4YM,Harper Glover,"$3,500.31 ",13-Jul-22,Aliquet Sem Ut Industries
CCX13SAA5FT,Kenyon Burns,"$2,053.85 ",23-Feb-23,Nunc Pulvinar Ltd
KTR63OCF5LW,Lucy Joseph,"$2,341.96 ",27-Oct-22,Elementum Lorem Ut Corporation
JPD84PGP4RU,Ora Mcbride,"$1,150.23 ",01-Feb-23,Tellus Sem Mollis Incorporated
SMG86QQN4VX,Noelle Gates,"$1,159.28 ",26-Sep-23,Hendrerit Consectetuer Cursus Limited
WTV85WBO1BM,Courtney Phelps,"$3,576.96 ",07-Sep-22,Gravida Associates
BGL74RGP2GN,Dolan Benton,"$1,408.47 ",02-Apr-23,Elit Curabitur Sed LLP
IEN33OHJ8NH,Lionel Kidd,"$2,967.02 ",11-Mar-23,Sagittis Felis LLP
EFR25VIQ9DR,Doris Thornton,"$3,993.71 ",09-Jun-22,Vel Lectus Cum PC
CXC03LGT4XD,Hoyt Francis,"$1,420.43 ",24-Sep-23,Et Arcu PC
FNW91QNG5BF,Galvin Little,"$4,555.78 ",13-May-23,Tincidunt Nibh Phasellus Corp.
QRX64YFV2PP,Garrett Mcfarland,"$2,427.33 ",24-Mar-23,Fermentum Metus Corp.
IBE79IBQ7SG,Jackson Cross,"$4,793.79 ",26-Oct-22,Augue Institute
UWW86HIQ6PB,Knox Gutierrez,"$1,438.88 ",30-May-23,Tellus Justo Sit Inc.
CPU38FCJ3FH,Phillip Ortega,"$3,627.66 ",30-Dec-22,Fermentum Risus Consulting
TRL50ZIH6XQ,Clarke Bell,"$3,350.34 ",28-Apr-23,Tellus Non Magna Industries
VZD66ORM1JY,Xantha Stevenson,"$1,553.25 ",19-Feb-23,Dictum Placerat Augue Associates
MPE93DGU9CU,Damian Hutchinson,"$2,503.77 ",13-Nov-22,Erat Sed Associates
AYV33GHG4MG,Leo Kaufman,"$1,347.63 ",06-Jun-22,Maecenas Libero Est Consulting
MKG66PTR5EL,Kasimir Robbins,"$4,755.29 ",05-Aug-23,Quisque Ornare Institute
LJR48BVY4IL,Honorato Hood,"$4,338.29 ",27-Jul-22,Tempus Eu Ligula Incorporated
TPM73CNP9ER,Athena Boyle,"$2,252.94 ",22-Dec-22,Erat Eget Ltd
BEG58VXN5LM,Eric Trevino,"$1,998.83 ",28-Sep-23,In Mi Pede Corporation
AIM02DPW2GH,Zoe Sykes,"$2,924.96 ",21-Aug-22,Odio Vel LLP
FXL39SQC2FW,Chadwick Owen,"$4,383.54 ",15-May-23,Fringilla Associates
KZD88NFW3KL,Ignatius Macias,"$2,049.36 ",20-Jan-23,Erat Vitae Company
GRB81MUE2FP,Silas Dennis,"$4,268.79 ",23-Jul-23,Mi Lorem Incorporated
NQC32UED8QQ,Shellie Landry,"$3,584.09 ",08-Feb-23,Eget Nisi Dictum LLC
CEW18SOI3KP,Sage Nichols,"$2,925.55 ",14-Dec-22,Praesent Eu LLC
SKK45OGW1SP,Rogan Hughes,"$2,015.98 ",25-Sep-23,Hendrerit Donec Associates
CBX43YWA3QS,Warren Frederick,"$3,615.73 ",17-Jun-22,Ipsum Institute
RUH87JOW6RO,Whitney Sherman,"$2,785.26 ",12-Aug-23,Suspendisse Tristique Limited
XPF63YHQ1CS,Neve Ayers,"$1,830.60 ",16-Jul-23,Mauris Vestibulum Incorporated
DIH51TGU7AQ,Tanya Stevens,"$1,563.69 ",18-May-23,Et Magnis Dis Associates
DXF87MUF2YJ,Len Martin,"$3,598.88 ",09-Jun-23,Massa Vestibulum LLC
NTA52UEB3NU,Elliott Norton,"$3,683.04 ",26-May-23,Turpis In LLP
OSC34GML2FE,Ian Alvarado,"$3,822.80 ",16-Jun-22,Aliquet Lobortis Foundation
JYP47NTG3KN,Sylvester Wyatt,"$3,443.65 ",11-Oct-22,Sed Dolor Fusce Foundation
ESK18LLX7XK,Gannon Webster,"$4,223.27 ",30-Jan-23,Ligula Aenean Company
CMQ17CII2SO,Germane Glover,"$4,418.99 ",19-Oct-23,Nullam Enim Sed Foundation
ZRL24GET4BS,Chanda Dodson,"$1,321.47 ",19-Jun-22,Proin Sed Foundation
UML95CIX7GB,Dorothy Kidd,"$2,295.82 ",11-Aug-22,Ultrices A Auctor Institute
KSS67KMY7OF,Josiah Reeves,"$1,066.03 ",04-May-23,Sit Amet Nulla Corp.
XPR61KQS6GR,Neville Reilly,"$1,234.99 ",14-Jul-23,Nunc Consulting
ZKN70GFJ1BJ,Elliott Fox,"$3,964.23 ",06-Apr-23,Non Quam PC
BXN83BTO1NG,Driscoll Lyons,"$4,859.20 ",15-Oct-23,Eu Ultrices Sit Incorporated
HXM57YBN4EJ,Emi Salinas,"$3,909.21 ",09-Sep-23,Maecenas Malesuada LLC
FOF23JJY6ZX,Colorado Baxter,"$2,323.48 ",18-Mar-23,Placerat Velit Company
BPH86QGY4HX,Oleg Trujillo,"$4,404.54 ",25-Oct-23,Sem Magna Incorporated
HIJ25GHR3PU,Patience Bowen,"$4,060.21 ",30-Oct-22,Elit Curabitur Sed Incorporated
DJW53PPY6IG,Sylvester Hoffman,"$4,092.53 ",23-Mar-23,Vulputate Associates
MPP95OBP1UI,Raymond Mcfarland,"$3,142.60 ",24-Mar-23,Non Inc.
XZO60SEC7QZ,Kareem Cooke,"$3,336.15 ",16-Sep-23,Placerat Eget Venenatis Associates
RDD48KVC5WJ,Beau Yang,"$4,817.06 ",08-Dec-22,Phasellus Fermentum Institute
GLO75QBU3RJ,Evan Mcdonald,"$4,988.78 ",04-Jan-23,Lorem Eu Metus Associates
DWP22LYO2UV,Rafael Fitzpatrick,"$1,630.32 ",08-Jul-22,Sed Dolor Industries
FWV11GIK7IY,Omar Wynn,"$2,534.91 ",10-Jul-22,Hendrerit Donec Associates
DQN23PJW9NB,Uriah Holt,"$3,428.53 ",18-Jul-22,Fringilla Incorporated
OYM33OMC7WW,Kalia Burks,"$4,396.24 ",11-Apr-23,Amet Corp.
QYO79POL5AN,Brendan Conway,"$3,169.74 ",13-Nov-22,Luctus Ut Industries
ZKT35MPA9KJ,Eaton Becker,"$1,812.89 ",25-Aug-22,Erat Semper Rutrum LLC
ROE60FEN0RN,Branden Simpson,"$2,707.45 ",30-Oct-22,Litora Foundation
JJS49CEJ2TM,Ryan Horne,"$1,033.46 ",12-Apr-23,Dolor Nulla Institute
KLQ12QID8UC,Brock Bowen,"$1,771.90 ",01-Aug-23,Mauris Integer Corp.
DQV32EMM7YD,Lucas King,"$2,400.84 ",22-Jul-22,Nascetur Ridiculus Foundation
VNT25SWG9EY,Xavier Pierce,"$4,293.39 ",21-Oct-22,Nulla Ante Associates
GVY93TSE4SH,Alisa Vang,"$1,697.50 ",27-Apr-23,At Inc.
IPY21GEB3JH,Rhona Travis,"$3,833.43 ",08-Mar-23,Aliquam Enim Nec Limited
XRF51WKI7KU,Abra Schmidt,"$3,075.39 ",06-Sep-23,Sit Amet Associates
VLZ21CID9YU,Shea Brown,"$4,998.83 ",17-Jun-23,Nibh Institute
ONB61LHK7QJ,Leah Knox,"$2,002.10 ",13-Feb-23,Cras Vehicula Aliquet Corporation
RWS34ZDK5GO,Ifeoma Rodriquez,"$1,011.29 ",27-Dec-22,Id Erat Etiam Consulting
SFU73MNC3SJ,Quemby Carr,"$2,986.91 ",10-Feb-23,Enim Gravida Limited
VGK81AQG7EU,Brent Dorsey,"$1,580.40 ",13-May-23,Odio Sagittis Semper LLC
TDG18KVW3BM,Odysseus O'connor,"$2,084.78 ",20-Dec-22,Non Vestibulum Foundation
SLX51CKF2QH,Kenyon Marshall,"$2,060.67 ",05-Feb-23,Hendrerit Incorporated
PPD32KKS1PD,Fleur Hawkins,"$4,962.66 ",25-Sep-22,Blandit Congue In LLC
FSB10IMG2XW,Samson Reese,"$4,770.92 ",15-Feb-23,Nunc Corp.
XNC63IXT4IG,Skyler Nixon,"$3,158.82 ",08-Aug-23,Id Ante Nunc Associates
CLT42UQM6FS,Valentine Maldonado,"$1,598.45 ",12-Jan-23,Sodales Consulting
ZUI24RMD2EY,Bethany Cline,"$4,802.67 ",20-Sep-22,Aliquam Incorporated
NTB11DKS2PB,Caesar Harrington,"$3,055.69 ",05-Sep-22,Aliquet Proin Ltd
QLV04BWH8AE,Reece Shields,"$4,735.75 ",18-Jun-22,Proin Company
RTK48IMW5NE,Zena Gonzales,"$1,947.71 ",11-Oct-23,Donec At Arcu Foundation
JYT81VFF5EY,Paloma Nielsen,"$4,016.68 ",12-Mar-23,Non Dapibus Rutrum Foundation
ING68FFQ4DT,Hayfa Dejesus,"$2,328.42 ",12-Jul-22,Nunc Ullamcorper LLP
CEN67PDZ7JS,Leila Snow,"$1,318.27 ",05-Jul-23,Morbi Limited
QSB71TQP6DS,Cleo Hess,"$2,652.23 ",21-Jan-23,Nascetur Ridiculus LLP
HHW22FGI5GN,Avye Ramsey,"$2,779.91 ",08-Aug-23,Laoreet Ipsum Incorporated
QFE56VXD3UN,Samson Zamora,"$3,903.65 ",12-Mar-23,Sed Neque Associates
JYT54HNN6CT,Carson Oliver,"$4,428.28 ",07-Oct-23,Primis In Consulting
TWC54JEV7TG,Rae Zamora,"$4,755.74 ",16-Oct-22,Cursus Vestibulum Mauris LLP
ILX74WVP4JN,Iona Fulton,"$1,927.49 ",07-May-23,Magna Et Inc.
HVW08ZNS8FK,Axel Fletcher,"$1,978.96 ",13-Apr-23,Amet Ltd
VYM21GYT8WU,Thomas Bonner,"$3,481.79 ",28-Jan-23,Ultricies Ornare Elit Incorporated
QFC14BKG9BS,Curran Robertson,"$1,426.92 ",29-Oct-22,Quis Arcu Inc.
ANB88EUO4MJ,Paul Middleton,"$4,705.87 ",29-Jun-23,Magna Limited
NYW61URR5IZ,Ariel Mcclain,"$1,032.19 ",23-Jun-22,Mi Lorem Vehicula Institute
STL11LER3XK,Cara Petersen,"$2,092.21 ",27-Sep-23,Et Netus Et Ltd
GIP85NER1IH,Otto Lindsay,"$4,353.49 ",09-Jul-23,Mollis Non Industries
MBT76OGQ1UG,Cherokee Guerrero,"$3,088.51 ",29-Aug-23,Urna Convallis Erat Incorporated
IYN80UME7RE,Maxwell Terry,"$4,325.99 ",29-Oct-22,Libero Mauris Aliquam Corp.
TUW94BKQ3FC,Keith Cross,"$4,347.65 ",26-Oct-23,Justo Faucibus Corporation
OOK06RTM3SL,Basia Fischer,"$2,177.29 ",09-May-23,Urna Vivamus Incorporated
OMQ66QXT7QU,Chelsea Foreman,"$3,009.27 ",04-Jan-23,Sed Associates
REK69KLS3VW,Shelley Morrow,"$4,202.28 ",31-Jan-23,Senectus PC
SLM61KMN8WJ,Alexa Elliott,"$3,374.65 ",16-Apr-23,Sed Et LLC
WMR63TRK4AE,Portia Miranda,"$3,482.42 ",25-Apr-23,In Corporation
ZGY19IDY2IK,Arthur Holden,"$2,822.86 ",07-Oct-23,Eu Neque Pellentesque Corp.
FKB97JIY8HE,Kimberley Rice,"$1,252.38 ",02-Aug-22,Ac Corporation
RMU53HDX7QE,Gareth Padilla,"$1,665.21 ",23-Apr-23,Mollis Nec Cursus Limited
GZH69KTT8YH,Cairo Moreno,"$4,876.24 ",11-Nov-22,Odio Vel Consulting
MUH77IDX8QI,Oleg Love,"$2,971.96 ",16-Aug-23,Luctus Limited
NFN17NDP7UO,Jaime Richard,"$3,751.48 ",07-Apr-23,Mauris Nulla Integer Limited
BVG91VMP4UU,Lydia Atkinson,"$1,805.20 ",12-Jun-23,Egestas Lacinia Corp.
DFT64MUJ6VG,Karly Anderson,"$2,879.08 ",09-Feb-23,Mauris Eu Elit Associates
ESK10USC7YX,Aurelia Trujillo,"$1,355.69 ",23-Dec-22,Egestas Aliquam Ltd
KON03ICR4TO,Keefe Coleman,"$2,994.04 ",14-Apr-23,Vulputate Posuere Vulputate Corporation
HYS51YJQ2FA,Quynn Klein,"$3,697.21 ",26-Apr-23,Donec Est LLC
ZIJ77LLR4FI,Merritt Newton,"$1,847.25 ",03-Jul-22,In Hendrerit Industries
VXY74URW5HU,Tiger Kelley,"$2,642.43 ",08-May-23,Est Vitae Corp.
BJH62YED1ES,Martha Peterson,"$2,063.76 ",13-Mar-23,Purus Sapien Gravida Limited
BXX56YID0HD,Duncan Brady,"$3,565.75 ",11-Aug-23,Fermentum Vel Ltd
TER52NWP6RR,Neil Mendoza,"$4,304.00 ",19-Sep-23,Sed Nunc PC
EFH72WNF8US,Yuri Marshall,"$3,187.42 ",19-Jun-23,Mi Tempor Institute
QLW60PVF2PS,Kieran Mueller,"$3,412.67 ",08-Aug-23,Auctor Corp.
LQS10JQJ9CK,Hunter Wilkerson,"$2,074.15 ",22-Sep-22,Semper Cursus Integer Incorporated
WVT96IUT4NJ,Tara Tyler,"$1,553.67 ",26-Dec-22,Nunc Est Inc.
LVN67CRY7RJ,Reese Barker,"$4,889.51 ",22-Sep-22,Justo Eu Arcu Incorporated
ESB71VFS8HX,Ulric Emerson,"$2,944.35 ",30-Mar-23,Leo Corporation
LUL64WOO9CL,Donna Poole,"$3,027.01 ",14-Jun-23,Eget Metus Inc.
SVX86QDT4IX,Linda Moon,"$2,788.33 ",22-Dec-22,Ullamcorper Nisl Ltd
MCC77XIO9FU,Neville Houston,"$3,879.65 ",11-Jul-23,Fermentum Risus At Consulting
ETZ15JBA1DB,Donovan Ingram,"$2,560.30 ",05-Nov-22,Risus At Fringilla Industries
RPJ37FKY3VF,Xaviera Valenzuela,"$1,093.65 ",31-Mar-23,Eu Tellus Phasellus Inc.
OGK89SYM4HK,Lee Berg,"$3,588.32 ",15-Nov-22,Fringilla Corporation
DCE67OVZ6GY,Alana Horne,"$3,000.11 ",28-Jan-23,Orci Luctus Et Incorporated
RGC31MEW7KU,Megan Mcfarland,"$1,077.43 ",20-Feb-23,Enim Condimentum LLC
XQR19DKS5RR,Macaulay Campos,"$2,514.48 ",23-Mar-23,Viverra Donec Tempus Corporation
APK48USK6BR,Hashim Buckley,"$4,547.19 ",10-Jan-23,Vivamus Non Associates
XGR93OEG4DM,Melvin Hudson,"$2,690.92 ",23-Oct-23,Elementum Dui Limited
LLN36CTE0WB,Nelle Duncan,"$3,766.59 ",03-Nov-22,Lorem Lorem Incorporated
BXD90DQG2FV,Charde Hayes,"$1,599.88 ",04-Oct-22,Aliquam Arcu Aliquam Incorporated
TGL56MFF0DY,Emily Sargent,"$2,471.97 ",14-Aug-22,Consequat Dolor Foundation
VBP76BPD3SS,Tobias Oneal,"$2,650.13 ",04-Feb-23,Vivamus Nibh Institute
HOP56QKU8WI,Kaitlin Foster,"$3,107.04 ",29-Sep-23,Gravida Sagittis Inc.
DUN04IJE2VX,Isabella Rosa,"$2,369.99 ",18-Jul-22,Semper Incorporated
WAB18VRK8DX,Blaze Klein,"$2,662.97 ",04-Dec-22,Leo Elementum Associates
QBX28HFT1ZU,Brady Galloway,"$1,951.46 ",30-Apr-23,Morbi Quis Industries
HJC25EDD8AN,Imogene Perkins,"$1,371.86 ",22-Dec-22,Quisque Fringilla Industries
WLK63VET1LD,Jeanette Freeman,"$4,177.15 ",28-Oct-22,Gravida Non LLC
