ID,Name,Salary,Onboard Date,Client Company
4,Danielle Benton,"$1,889.52","Oct 22, 2022",Libero Institute
7,Sydney Robles,"$2,856.89","Nov 11, 2022",Pharetra Nam Ac Inc.
1,Leonard Horn,"$2,913.52","Dec 16, 2022",Nec Euismod In Industries
6,Xenos Burris,"$4,705.27","Jan 9, 2023",Sociosqu Corp.
1,Berk Nolan,"$1,017.74","Jul 29, 2022",At Risus Nunc LLP
3,Tanner Hobbs,"$1,385.14","Dec 12, 2022",Elit Incorporated
3,Olivia Caldwell,"$1,326.02","Sep 26, 2022",Sodales Corporation
5,Gary Lawrence,"$3,558.62","Sep 2, 2023",Nunc Laoreet Lectus Ltd
7,Sigourney Goodwin,"$2,224.34","Sep 25, 2022",Eu Nibh Vulputate Limited
10,Daniel Russo,"$4,451.92","Nov 26, 2022",Cursus Et Magna Inc.
6,Kermit Kane,"$4,500.83","Aug 19, 2022",Convallis Dolor Quisque LLC
0,Myles Mercer,"$3,409.57","Jul 2, 2022",Mi Consulting
8,Lee Branch,"$1,686.57","Jul 30, 2023",Diam Proin Associates
4,Hasad Leblanc,"$4,048.72","Oct 4, 2023",Nisl Industries
4,Fay Munoz,"$4,119.40","Jan 18, 2023",Ornare Egestas PC
3,Deirdre Yang,"$2,342.72","Aug 3, 2023",Integer Vitae Foundation
8,Cullen Schwartz,"$4,815.54","Sep 4, 2022",Consectetuer LLP
3,Hall Hensley,"$2,752.64","Jan 25, 2023",Ipsum Primis In LLC
8,Serena Collier,"$4,328.43","Sep 25, 2022",Nec Mollis Consulting
5,Belle Shaw,"$3,640.71","Dec 4, 2022",Ligula Tortor Dictum Company
9,Barbara Gordon,"$2,905.99","Jun 20, 2022",Nunc Ltd
8,Madonna Craft,"$3,383.33","Mar 17, 2023",Ac Libero Foundation
2,Ingrid Roach,"$2,006.19","Apr 26, 2023",Nisl Quisque Corp.
1,Kennedy Robbins,"$3,653.28","Jun 2, 2022",Id Blandit At Associates
4,Mercedes Mcknight,"$4,913.16","Aug 30, 2022",Quam Dignissim Pharetra LLP
1,Keefe Golden,"$3,816.67","Jun 16, 2022",Interdum Feugiat Sed Industries
6,Maia Ramos,"$4,079.46","Sep 12, 2023",Vulputate Corp.
4,Florence Soto,"$3,137.38","Sep 7, 2023",Amet Risus LLC
6,Blake Vargas,"$3,338.19","Jan 22, 2023",Nulla Facilisis Suspendisse LLP
2,Forrest Terry,"$2,990.76","Oct 1, 2022",Magnis Inc.
7,Levi Daniels,"$3,289.97","Sep 4, 2022",Cras Pellentesque Ltd
9,Kirsten Sherman,"$3,260.18","Sep 18, 2022",Mauris Integer Consulting
6,Uriel Alexander,"$3,583.39","Jun 9, 2023",Orci LLP
2,Simon Fletcher,"$3,805.78","Jul 21, 2023",Vel Inc.
5,Tatyana Holcomb,"$2,057.28","Oct 28, 2023",Lobortis Tellus Justo Institute
10,Josephine Luna,"$1,158.84","May 29, 2023",Enim Sed Corp.
10,Cheryl Osborne,"$4,910.27","May 4, 2023",Amet Diam Ltd
9,Giacomo Richardson,"$2,564.05","Nov 24, 2022",Quis Diam Pellentesque Industries
1,Alika Lloyd,"$3,374.93","Sep 11, 2022",Vel Faucibus Institute
5,Felicia Wise,"$1,862.75","Aug 4, 2022",Nonummy Ultricies Ornare Associates
7,Grant Sanford,"$2,551.12","Sep 21, 2022",Nulla Facilisi Sed Corp.
6,Roary Espinoza,"$3,635.23","Nov 25, 2022",In Inc.
6,Hermione Nieves,"$4,785.50","Oct 5, 2023",Eu Tempor Foundation
5,Jeremy Carr,"$1,333.26","Jul 6, 2022",Fusce Mollis Ltd
9,Ina Cardenas,"$3,539.83","Oct 8, 2022",Molestie Arcu Sed Limited
9,Anika Moon,"$4,813.97","Oct 7, 2023",Vestibulum Accumsan Neque Institute
8,Burke Marquez,"$2,109.74","Jun 5, 2022",Consequat Dolor Incorporated
6,Basia Stuart,"$2,475.60","Mar 26, 2023",Metus Aliquam Industries
7,Berk Mullins,"$4,906.52","Nov 12, 2022",Tristique Senectus Company
6,Inez Mooney,"$2,876.35","Jul 1, 2022",Consequat Limited
7,Hall Horn,"$3,546.64","Sep 24, 2023",Sem Semper Company
5,Orson Hopper,"$1,393.59","Jun 11, 2023",A Tortor Corporation
7,Hamish Dotson,"$1,183.47","Dec 16, 2022",Sed LLP
9,Madeline Hughes,"$4,030.81","Jan 23, 2023",Lectus Pede Et Corp.
6,Gillian Copeland,"$4,395.49","Feb 8, 2023",A Neque Nullam Incorporated
4,Fulton Figueroa,"$3,572.51","Oct 4, 2022",Sociis Natoque LLP
3,Hamish Gallegos,"$3,987.54","Apr 13, 2023",Nec Industries
2,Selma Barrera,"$1,560.80","Oct 2, 2022",Malesuada Integer Id PC
8,Felicia Hickman,"$1,902.12","Feb 20, 2023",Ligula Aenean PC
2,Camden Nieves,"$3,998.52","Sep 27, 2022",Lacinia Orci Corp.
5,Dara Shaw,"$4,708.42","May 17, 2023",Luctus Et Ltd
7,Barclay Stephenson,"$4,767.22","Jan 15, 2023",Suspendisse Dui Fusce Associates
3,Hedda Vargas,"$3,353.04","Mar 25, 2023",Elit Pretium Et Limited
1,Cally Simon,"$2,210.09","May 3, 2023",Vitae Erat LLC
6,Kaseem Schroeder,"$1,637.24","Jun 11, 2022",Sed Tortor LLP
7,Linda Lott,"$4,496.85","Sep 3, 2023",A Ultricies LLP
8,Lois Conway,"$3,701.79","Apr 28, 2023",Ac Arcu LLP
7,Garth Blackwell,"$4,502.69","Nov 11, 2022",Arcu PC
6,Cruz Drake,"$2,687.50","Jul 4, 2022",Tellus Eu PC
9,Risa Mayer,"$4,372.57","Jun 4, 2023",Risus Quisque Libero Institute
6,Tasha Ford,"$1,489.95","Jun 6, 2022",Blandit Institute
8,Ashton Hughes,"$2,584.83","Feb 16, 2023",In Tempus Institute
1,Quynn Cline,"$3,288.53","Jun 5, 2022",Mi Pede Limited
4,Candice Andrews,"$3,940.66","Jan 2, 2023",Dolor Quam Corp.
3,Jescie Schroeder,"$3,558.30","Oct 28, 2022",Ac Inc.
9,Chancellor Shepherd,"$2,217.67","Jun 5, 2023",Gravida Corporation
4,Reed Cotton,"$2,468.75","Oct 8, 2023",Ipsum Dolor Sit Ltd
7,Imani Shepard,"$3,075.24","May 7, 2023",Nibh Foundation
9,Shellie Hansen,"$3,528.25","Dec 22, 2022",Praesent Interdum Incorporated
6,Orla Valentine,"$1,102.36","Jun 3, 2023",Ut Pellentesque LLC
0,Shelly Stephenson,"$4,524.22","Sep 18, 2022",Erat Vel Pede Foundation
6,Lillith Tate,"$4,991.95","Aug 10, 2022",Dolor Dapibus LLC
8,Florence Sweeney,"$3,233.20","Apr 8, 2023",Feugiat Corporation
10,Brenna Smith,"$4,137.13","Aug 3, 2022",Ipsum Curabitur Consequat LLP
7,Steel Galloway,"$1,537.91","Sep 17, 2022",Elit Ltd
0,Hedley Woodard,"$1,279.09","Sep 21, 2022",Sem PC
10,Camille Allison,"$2,787.94","Jul 23, 2023",Sagittis Placerat Ltd
9,Clinton Burris,"$2,982.97","Mar 21, 2023",Mauris Id LLP
1,Vance Burgess,"$2,574.63","Feb 24, 2023",Non Cursus Inc.
2,Zelda Pena,"$3,973.91","Mar 20, 2023",Sit Amet Corporation
8,Jorden Livingston,"$3,310.89","Jun 27, 2023",Mauris Suspendisse Company
9,Tarik Estes,"$4,491.29","Aug 14, 2022",Semper Nam Tempor Limited
2,Alexander Gilbert,"$1,781.26","Dec 15, 2022",Donec Inc.
6,Brennan Shaw,"$1,576.76","Dec 18, 2022",Dis Parturient LLC
5,Wesley Walter,"$4,893.40","Oct 23, 2023",Primis In Limited
7,Danielle Middleton,"$4,216.73","May 7, 2023",Proin Dolor Institute
8,Yen Austin,"$4,084.00","Jul 6, 2023",Dictum Magna PC
1,Teegan Britt,"$4,132.98","May 29, 2023",Sem Nulla Associates
7,Kelsie Olson,"$2,530.97","Jun 21, 2022",Et Magnis LLP
1,Illana Horne,"$1,362.73","Apr 17, 2023",Dapibus LLP
7,Colt Mcbride,"$1,573.89","Jul 24, 2023",Interdum Nunc Institute
2,Chantale Terry,"$2,001.04","Sep 2, 2023",Mi PC
10,Oprah Potter,"$4,634.94","Jan 14, 2023",Pharetra Nibh Incorporated
10,Tashya Small,"$3,556.87","Nov 4, 2022",Nisi Limited
6,Levi Finch,"$4,697.05","Aug 17, 2023",Ut Mi Duis LLC
2,Yuri Donovan,"$3,329.62","Dec 9, 2022",Varius Corp.
1,Uriel Watkins,"$1,167.16","Jun 13, 2022",Fermentum Convallis Ligula Corporation
0,Portia Kirby,"$2,717.37","Oct 7, 2023",Dictum Magna Associates
2,Maxwell Joyce,"$4,898.29","Mar 18, 2023",Feugiat Institute
4,Roth Calhoun,"$2,662.42","Mar 31, 2023",Lobortis Ultrices Vivamus PC
2,Joel Cherry,"$2,876.71","Jun 13, 2023",Sem Eget Inc.
6,Iona Stanton,"$1,104.01","Dec 1, 2022",Turpis Egestas Institute
2,Georgia Bridges,"$2,165.08","Oct 24, 2023",Turpis Egestas Fusce Incorporated
8,Katelyn Edwards,"$3,049.28","May 28, 2023",Praesent Luctus Corp.
6,Indigo Downs,"$3,809.13","Aug 21, 2023",Mauris Ut PC
8,Eaton Monroe,"$1,130.75","Jan 22, 2023",Quam Corporation
9,Brooke Vasquez,"$1,651.92","Jul 26, 2023",A Aliquet Incorporated
7,Evangeline Burgess,"$3,347.61","Aug 9, 2022",Dictum Industries
6,Lance Potter,"$1,746.77","Jul 29, 2023",Luctus Ipsum Inc.
9,Ria Terrell,"$1,571.21","Aug 9, 2023",Ante Blandit Ltd
6,Idola Downs,"$4,285.00","Nov 19, 2022",Nec Urna Incorporated
9,Fletcher Collins,"$2,617.96","Nov 12, 2022",Ut Eros Non Limited
1,Charlotte Benton,"$3,848.41","Jul 24, 2022",Etiam LLP
4,Keaton Figueroa,"$2,703.26","Feb 8, 2023",Ultricies Ornare Limited
4,Cassidy Johns,"$2,710.94","Jul 21, 2022",Proin Eget Ltd
9,Desirae Olson,"$3,547.13","Apr 20, 2023",Pede Blandit Foundation
4,Aphrodite Frye,"$4,709.55","Jan 5, 2023",Donec Nibh LLC
1,Benjamin Grant,"$1,580.22","Jul 27, 2022",Mauris Vestibulum Neque Ltd
0,Kaseem Blake,"$2,008.91","Feb 1, 2023",In Mi Limited
3,Ima Kent,"$1,146.26","Feb 6, 2023",Nam Corporation
1,Brandon Glover,"$4,292.92","Jan 20, 2023",Eleifend Vitae PC
3,Baxter Graves,"$3,176.82","Aug 7, 2022",Mi Duis Corp.
9,Natalie Soto,"$4,052.14","Jun 5, 2023",Euismod Et Industries
9,Kimberley Ballard,"$3,559.28","May 9, 2023",Nec Tellus LLP
5,Byron Doyle,"$1,473.05","Feb 12, 2023",Volutpat Nulla Dignissim Inc.
5,Fay Petersen,"$1,403.34","Nov 24, 2022",Gravida Nunc Associates
8,Shaeleigh Christensen,"$1,570.29","Jun 28, 2022",Ornare Inc.
9,Kirby Stanton,"$1,047.60","Mar 22, 2023",Et Malesuada Fames Corp.
2,Galena Durham,"$2,384.59","Aug 10, 2022",Mauris Sagittis Placerat Associates
5,Hanae Parker,"$4,555.69","Jan 20, 2023",Nunc Est Mollis Foundation
2,Yen Jackson,"$1,509.91","Jun 21, 2022",Etiam Imperdiet Company
5,Byron Valenzuela,"$1,205.45","Feb 4, 2023",Consequat Lectus Foundation
7,Buckminster Robles,"$3,368.56","Jan 13, 2023",Iaculis Lacus Incorporated
5,Clayton Berg,"$4,947.87","Jun 6, 2022",Magnis Dis Parturient LLP
3,Grant Lynch,"$3,860.36","Jul 10, 2022",Leo Cras Inc.
8,Gail Hebert,"$1,842.86","Aug 19, 2022",Suspendisse Tristique Company
1,Carla Santana,"$2,348.91","Aug 14, 2023",Porttitor Corp.
7,Leroy Merritt,"$3,393.89","Sep 18, 2023",Auctor Nunc Nulla Institute
4,Keelie Curtis,"$4,032.61","Sep 19, 2022",Quisque Imperdiet Institute
5,Lysandra Lamb,"$1,587.57","May 24, 2023",Vitae LLP
5,Vaughan Howell,"$2,040.25","Sep 5, 2022",Pede Blandit Congue Inc.
5,Gay Wynn,"$2,822.65","Oct 14, 2023",Consectetuer Ipsum Inc.
9,Jolie Nieves,"$4,387.96","Oct 19, 2023",Ullamcorper LLC
3,Tatum Buckner,"$3,376.15","Dec 18, 2022",Felis Company
7,Lee Sanchez,"$1,433.36","Jul 21, 2023",Pellentesque Sed Dictum Corp.
4,Gillian Walton,"$2,928.98","Aug 14, 2023",Non Bibendum Sed Ltd
3,Reuben Marsh,"$1,429.41","Jun 21, 2022",Tristique Pellentesque Tellus Ltd
2,Yuri Reid,"$3,024.48","Oct 31, 2023",Eros Nec Industries
9,Marvin Hampton,"$2,536.02","Mar 8, 2023",Sed Eu Nibh Institute
7,Nadine Blackburn,"$3,814.26","Nov 17, 2022",Non Leo LLP
1,Gannon Cardenas,"$4,272.58","Sep 19, 2022",Curae Donec Limited
0,Amber Beasley,"$3,302.95","Oct 8, 2022",Vestibulum Accumsan LLC
10,Neil West,"$1,559.34","Jan 7, 2023",Est Arcu Foundation
9,Fatima Shields,"$1,393.99","Sep 1, 2023",Egestas A Scelerisque Industries
9,Jennifer Martin,"$2,278.57","Aug 19, 2022",Suspendisse Associates
10,George Harper,"$1,819.11","Oct 4, 2022",Tortor Dictum Corp.
6,Wynne Burke,"$4,869.78","May 16, 2023",Tincidunt Orci Ltd
2,Jolie Kemp,"$4,107.90","Jun 18, 2022",Lacus Etiam Industries
2,Yvette Fletcher,"$4,463.19","Nov 7, 2022",Justo Incorporated
3,Fiona Hill,"$4,696.28","Jul 4, 2022",Ligula Nullam Ltd
3,Brynne Simon,"$1,235.02","Jun 29, 2023",Et Limited
7,Carson Williams,"$4,850.79","Feb 12, 2023",Nunc Ac Sem LLP
5,Dale Kane,"$3,663.29","Aug 22, 2022",Congue Limited
2,Damian Potts,"$2,969.06","Aug 11, 2022",Duis Corporation
6,Zoe Haney,"$4,046.88","Oct 8, 2023",Gravida Aliquam Tincidunt Limited
8,Carter Hughes,"$2,969.31","Jun 5, 2023",A Ltd
7,Kyla Sparks,"$1,517.09","May 3, 2023",Cum Sociis Natoque Industries
1,Nathaniel Odom,"$2,770.13","Oct 23, 2022",Eu Odio Tristique Industries
6,Abbot Smith,"$1,229.41","Jul 19, 2022",Laoreet Ipsum LLP
6,Kiayada Guy,"$2,361.69","Oct 10, 2023",Neque Nullam Ltd
7,Merrill Gibson,"$2,045.38","Aug 13, 2023",Etiam Gravida Incorporated
7,Sawyer Mcintosh,"$4,181.87","Jan 19, 2023",Arcu Limited
5,Tatiana Randolph,"$1,224.48","Oct 16, 2022",Varius Nam Foundation
7,Aileen Williams,"$3,772.56","Jul 30, 2022",Dis Parturient Incorporated
3,Oren Hewitt,"$3,536.81","Jun 30, 2023",Mollis Phasellus Libero LLC
1,Willow Hester,"$1,893.26","Jun 4, 2023",Integer Mollis Corp.
8,Macon Shields,"$2,778.74","Jun 3, 2023",Urna Ltd
4,Harlan Witt,"$3,840.09","Jul 13, 2022",Pharetra Ut Foundation
9,Nerea Randall,"$3,476.69","Jun 16, 2022",Felis Ullamcorper Industries
2,Chaney Goff,"$4,564.05","Dec 31, 2022",Tempus Mauris Incorporated
9,Kasper Waller,"$1,148.04","Oct 18, 2023",Ullamcorper Limited
7,Kennedy Morin,"$4,414.90","Apr 23, 2023",Inceptos Hymenaeos Mauris Ltd
0,Merrill Zimmerman,"$2,275.89","Apr 28, 2023",Tristique Pharetra Industries
6,Halla Norton,"$2,589.40","Oct 10, 2022",Sit Amet Consulting
6,Rylee Brown,"$1,088.47","Jul 5, 2023",Massa Corp.
4,Rina Gentry,"$3,643.72","Oct 16, 2022",Eget Consulting
3,Wynne Caldwell,"$3,158.67","Jun 12, 2023",A Tortor Associates
6,Julie Key,"$3,282.16","Jul 11, 2023",Cursus Non LLP
5,Hannah Cantu,"$3,471.48","Nov 27, 2022",Ac Risus Institute
5,Xander Alston,"$4,270.79","Aug 14, 2022",Purus PC
7,Keefe Buck,"$1,460.16","Mar 15, 2023",Blandit Limited
4,Laurel Frederick,"$4,216.06","Sep 10, 2022",Non Foundation
2,Palmer Good,"$2,482.88","Oct 7, 2023",Lectus Pede Et Corp.
1,Ebony Quinn,"$4,570.86","Jul 2, 2023",Nunc Laoreet Associates
5,Nigel Blackburn,"$1,751.95","Jan 18, 2023",Vulputate Posuere Vulputate Industries
6,Elizabeth Moon,"$2,140.42","Oct 28, 2023",Semper Tellus Foundation
6,Jena Foreman,"$2,143.93","Nov 9, 2022",Integer Tincidunt Ltd
0,Lenore Chavez,"$2,973.13","Dec 12, 2022",Semper Auctor Mauris Limited
7,Amena Dunlap,"$3,286.48","Apr 13, 2023",Duis Risus Ltd
1,Rhoda Gallegos,"$4,123.09","Oct 28, 2022",Ipsum Porta Corp.
2,Raya Allen,"$2,917.83","Jan 16, 2023",Tempor Bibendum Consulting
1,Charde Barry,"$4,857.91","Oct 6, 2023",In Magna Company
6,Wing Osborn,"$1,223.61","Sep 22, 2022",Vitae Posuere At Incorporated
7,Ivan Peck,"$3,726.85","Jun 22, 2022",Luctus Sit Industries
5,Denton Cardenas,"$3,555.28","Jan 1, 2023",Arcu Iaculis Enim PC
4,Gannon House,"$1,989.57","May 14, 2023",Maecenas Mi Corp.
3,Macy Hawkins,"$4,076.70","Jun 30, 2023",Enim Diam LLC
9,Carson Chen,"$1,087.74","Sep 13, 2022",Ornare Sagittis Industries
4,Leroy Stanley,"$4,166.96","Aug 16, 2022",Sem Eget Massa LLP
7,Jillian Blankenship,"$3,060.57","Jan 7, 2023",Dapibus Incorporated
3,Nerea Wagner,"$4,590.74","Jan 31, 2023",Amet Nulla PC
5,Lucy Gates,"$3,383.38","Jul 16, 2022",Phasellus Nulla Integer Company
1,Deacon Sparks,"$2,468.74","Oct 1, 2022",Semper Nam Institute
5,Amela Bush,"$1,391.98","Jun 28, 2023",Lorem Fringilla Ornare LLC
5,Peter Mcguire,"$2,395.19","Nov 28, 2022",Non Ante Foundation
3,Bruce Mcleod,"$3,984.18","Oct 10, 2022",Nullam Velit LLP
6,Sean Russo,"$4,791.28","Aug 9, 2022",At Libero Morbi Corp.
4,Daria Maxwell,"$2,788.16","Dec 14, 2022",Nostra Per Inc.
6,Graiden Rodgers,"$1,618.69","Aug 6, 2022",Amet Orci Inc.
9,Tanek Garrett,"$4,318.97","Oct 26, 2023",Nullam Ut Nisi Foundation
9,Martha Hernandez,"$3,017.41","Jul 4, 2023",Egestas Duis Limited
1,Elliott Cooper,"$3,196.40","Oct 13, 2023",Felis Incorporated
7,Branden O'brien,"$2,120.29","Dec 10, 2022",Sit Amet Metus Limited
8,Deanna Foster,"$1,834.30","Sep 26, 2023",At Velit Foundation
8,Amos Roman,"$1,934.01","Feb 16, 2023",Fermentum Risus Corp.
5,Elaine Lawson,"$2,004.32","Feb 17, 2023",Vel Lectus Incorporated
4,Simon Estes,"$3,942.38","Jan 12, 2023",In Tincidunt Foundation
2,Ferdinand Riggs,"$4,416.93","Feb 18, 2023",Auctor Odio PC
1,Christopher Banks,"$1,716.99","Apr 30, 2023",Mauris Eu LLP
4,Kirestin Douglas,"$2,564.36","Jan 9, 2023",Et Pede Nunc Corp.
6,Joshua Griffith,"$4,176.90","Feb 9, 2023",Tortor At Associates
0,Daphne Ellis,"$1,872.92","Sep 11, 2022",Mollis Integer LLP
2,Desiree Wood,"$1,510.74","Nov 21, 2022",Nunc Laoreet Lectus PC
3,Felix Lane,"$1,170.09","Oct 12, 2023",Elit Limited
7,Vincent Cunningham,"$2,896.05","Mar 31, 2023",Cursus Vestibulum Inc.
6,Hiram Perkins,"$4,617.78","Nov 29, 2022",Aliquet Libero Foundation
9,Tobias Monroe,"$3,054.66","Apr 2, 2023",Nec Tempus LLC
5,Patrick Blanchard,"$1,343.56","Aug 17, 2023",Mi Aliquam Gravida Associates
5,Hedy Warren,"$4,317.29","Jun 19, 2022",Non Incorporated
9,Xantha Frederick,"$2,728.53","May 3, 2023",Ullamcorper Corp.
3,Honorato Clayton,"$4,659.43","Oct 15, 2023",Aliquam Incorporated
7,Emerson Stewart,"$2,379.29","Aug 8, 2022",Commodo Inc.
2,Aladdin Atkinson,"$2,150.87","Oct 8, 2023",Arcu Et Industries
1,Leilani Merrill,"$3,445.93","Aug 8, 2023",Eleifend Nec Malesuada PC
2,Samuel Ward,"$2,492.66","Jun 24, 2022",Lorem Ipsum Dolor Institute
8,Allegra O'Neill,"$3,170.54","Aug 15, 2022",Hendrerit Consectetuer Ltd
3,Wade Morris,"$4,279.34","Apr 2, 2023",Sed Libero Ltd
3,Kristen Horn,"$4,073.21","Oct 12, 2022",Mauris A LLP
5,Ulric Johnston,"$1,491.06","Oct 19, 2022",Nulla At Sem LLC
8,James Brewer,"$2,639.41","Sep 16, 2023",Placerat Eget Limited
0,Zachary Stanley,"$4,308.77","Jan 23, 2023",Id Magna Industries
6,Barrett Baird,"$1,595.61","Jul 5, 2023",Eu Dolor Foundation
4,Clark Silva,"$2,736.26","Jul 10, 2022",Proin Non Consulting
2,Fleur Bowman,"$1,131.68","Dec 31, 2022",Nam Corporation
4,Mariam Holder,"$2,084.69","Jun 5, 2022",Adipiscing Enim Industries
0,Farrah Morse,"$3,715.23","Oct 24, 2022",Vehicula Pellentesque Inc.
7,Christen Duke,"$4,439.84","Dec 31, 2022",Consectetuer Ipsum Limited
1,Nora Raymond,"$1,768.99","Jun 20, 2023",Accumsan Inc.
7,Wade Joyner,"$4,155.27","Oct 13, 2023",Lobortis Nisi PC
3,Levi Massey,"$2,773.85","Apr 9, 2023",Tortor Integer Incorporated
6,Hanna Terry,"$1,640.49","May 3, 2023",Dolor Fusce Ltd
2,Chancellor Kirkland,"$2,271.64","Jul 8, 2022",Tincidunt Corp.
8,Yolanda Griffin,"$3,532.38","Feb 19, 2023",Etiam Consulting
4,Florence Mccarthy,"$2,030.79","Jul 5, 2022",In Faucibus Corporation
4,Shelly Kane,"$4,523.09","Mar 16, 2023",Quam A Ltd
5,Garth Mullen,"$1,740.82","Mar 22, 2023",Lectus Cum Sociis Industries
2,Louis Rivera,"$4,937.34","Apr 3, 2023",Id Ante Ltd
3,Sierra Dalton,"$2,551.19","May 9, 2023",Imperdiet Nec Industries
2,Nissim Fuentes,"$1,899.77","Feb 9, 2023",Eleifend Non LLC
4,MacKensie Bradley,"$1,574.26","May 13, 2023",Nunc Sed Incorporated
0,Oscar Wong,"$4,896.94","Oct 17, 2023",Adipiscing Lacus Inc.
6,Maite Robbins,"$2,177.91","Aug 19, 2022",Sagittis Associates
2,Harrison Huber,"$4,836.55","Mar 10, 2023",Amet Risus PC
5,Macaulay Mendez,"$2,230.02","Jan 3, 2023",Libero Proin Mi PC
6,Kieran Mccullough,"$2,582.23","Aug 18, 2022",Aenean Egestas PC
7,Suki Finley,"$2,805.86","Sep 21, 2023",Amet Consectetuer Industries
6,Sarah Crawford,"$4,183.82","Mar 9, 2023",Sociis Natoque Penatibus Associates
8,Abbot Boyd,"$3,086.40","Nov 7, 2022",Praesent Luctus Institute
1,Chanda Booker,"$2,526.06","Apr 20, 2023",Ut Mi Duis Incorporated
7,Cole Blake,"$1,784.20","Sep 7, 2023",Morbi Sit Consulting
1,Timon Doyle,"$1,789.87","Aug 25, 2022",Lectus Inc.
1,Fulton Stephenson,"$3,409.15","Jan 27, 2023",Metus Vivamus LLP
0,Gisela Johns,"$4,705.58","Sep 27, 2023",Morbi Corp.
1,Nina Figueroa,"$2,250.75","Jun 2, 2023",Dignissim Magna Inc.
1,Cullen Aguilar,"$1,484.36","Mar 25, 2023",Orci Lobortis LLC
5,Vaughan Kelley,"$3,166.05","Aug 20, 2022",Hendrerit Limited
7,Charity Cook,"$4,465.19","Feb 20, 2023",Felis Foundation
9,Paul Henry,"$4,446.30","Jul 8, 2023",Amet Lorem Corporation
9,Montana Mcmahon,"$3,018.06","Dec 5, 2022",Egestas Fusce Aliquet Inc.
1,Thor Forbes,"$3,263.88","Aug 13, 2022",Mauris Erat Eget Institute
7,Sebastian Carroll,"$4,139.13","Dec 7, 2022",Non Quam Pellentesque Company
7,May England,"$3,715.31","Jun 7, 2022",Nulla Aliquet Industries
1,Castor Gaines,"$1,304.10","Sep 25, 2022",Proin Nisl Limited
2,Leilani Rose,"$1,089.89","Nov 26, 2022",Ante Lectus Corp.
8,Charde Howell,"$4,238.46","Aug 3, 2023",Nec Enim Inc.
1,Steel Gomez,"$1,174.90","Oct 31, 2023",Et Magna Inc.
2,Leroy Wells,"$1,908.19","Sep 29, 2022",Aliquam Eu Institute
10,Sage Rhodes,"$4,666.09","Jul 8, 2023",Convallis Erat Eget PC
8,Norman Chavez,"$4,973.82","Dec 25, 2022",Cursus Purus Foundation
3,Brent Hood,"$2,211.78","May 23, 2023",In Aliquet Lobortis Incorporated
9,Nehru Bartlett,"$3,238.88","Jul 14, 2022",In Hendrerit Corporation
10,Barry Chapman,"$4,077.64","Oct 24, 2023",Justo Praesent Institute
9,Elizabeth Terry,"$4,428.97","Sep 2, 2023",Luctus Lobortis Class Corp.
3,Walker Santana,"$1,852.56","Sep 8, 2023",Donec Nibh PC
8,Lacey Branch,"$4,904.81","Mar 8, 2023",Risus Varius LLC
2,Scarlett Fuentes,"$2,639.77","May 5, 2023",Non Lacinia At LLP
9,Roanna Stuart,"$2,146.70","Dec 23, 2022",Duis Company
1,Carol Horn,"$3,515.07","May 8, 2023",Mi Enim Corp.
7,Brendan Charles,"$1,341.05","May 19, 2023",Et Inc.
9,Azalia Hunt,"$4,985.55","Aug 19, 2022",Ut Sagittis Lobortis Company
9,Theodore Phelps,"$4,945.83","Nov 24, 2022",Cubilia Curae PC
2,Tatiana Banks,"$1,939.67","Oct 27, 2023",Eu Limited
10,Tatum Bray,"$4,165.48","Jul 23, 2023",Ipsum Nunc Company
7,Karyn Farley,"$1,504.14","Jun 29, 2022",Massa Quisque Industries
7,Yasir Kaufman,"$3,982.40","Nov 16, 2022",In Consectetuer Incorporated
5,Cyrus Merrill,"$3,885.15","Oct 26, 2023",Rhoncus Id Mollis Limited
5,Ariel Ryan,"$2,391.95","Jun 11, 2022",Pede Suspendisse Dui Institute
6,Josiah Beach,"$4,990.87","Oct 24, 2022",Etiam Imperdiet Dictum Limited
5,Rashad Ballard,"$3,707.34","May 16, 2023",Pede Ultrices Associates
6,Cameron Cherry,"$3,300.25","Jan 4, 2023",Ligula Aliquam PC
8,Colorado Clay,"$4,684.98","Sep 3, 2023",In Hendrerit Consectetuer Inc.
10,Ruth Stewart,"$3,806.16","Jan 1, 2023",Aliquam Iaculis Corporation
5,Deirdre Wood,"$3,092.07","Aug 11, 2022",Ultricies Adipiscing Associates
7,Lars Rice,"$3,759.07","May 15, 2023",Dui Augue Eu Incorporated
2,Rina Hewitt,"$4,038.86","Jun 14, 2022",Mi Lacinia Mattis Institute
9,Yolanda Pace,"$2,805.21","Feb 7, 2023",Sed Nec Limited
6,Demetria Massey,"$4,123.09","Apr 28, 2023",Est Vitae Sodales Institute
9,Samantha Frank,"$1,998.26","Sep 17, 2022",Non Sapien Incorporated
5,Paula Shepherd,"$3,566.12","Jan 6, 2023",Dis Parturient Limited
1,Whoopi Dixon,"$4,646.80","Sep 4, 2022",Varius Limited
4,Cameron Bowen,"$1,849.54","Nov 10, 2022",Augue LLP
3,Sawyer Nolan,"$1,342.92","Jun 3, 2022",Vulputate Dui Nec LLP
10,Ava Keller,"$3,285.07","Dec 12, 2022",Urna Convallis Associates
6,Grant Porter,"$3,435.88","Mar 27, 2023",A Ltd
3,Fletcher Carter,"$2,719.83","May 26, 2023",Cursus A Limited
10,Logan Travis,"$2,468.06","Dec 10, 2022",Porttitor LLP
1,Graiden Steele,"$4,694.19","Apr 5, 2023",Nunc Mauris Morbi PC
3,Sigourney Peck,"$2,622.52","Jul 25, 2022",Suspendisse LLC
6,Ignatius Beasley,"$4,388.77","Feb 9, 2023",Arcu Institute
2,Charissa Livingston,"$4,567.92","Dec 29, 2022",Lectus LLC
5,Steel Robertson,"$3,643.85","Aug 15, 2022",Etiam Bibendum Industries
1,September Perry,"$4,602.67","Mar 13, 2023",Consequat Dolor LLP
10,Justina Whitfield,"$3,640.64","Dec 2, 2022",Aenean Corp.
7,Fletcher Murphy,"$2,448.32","Aug 9, 2022",Cras Sed Leo Foundation
6,Jerome Acosta,"$2,721.87","Oct 11, 2022",Tellus Faucibus Foundation
4,Hilary Jacobs,"$1,737.48","Jun 28, 2022",Lectus Sit Amet Corp.
4,Brynne Sloan,"$4,522.90","Oct 25, 2022",Tristique Aliquet Phasellus Associates
5,Ori Lucas,"$3,646.28","Oct 28, 2022",Lacus Quisque Corporation
8,Orla Cummings,"$1,894.59","Mar 28, 2023",Ante Lectus Convallis Industries
6,Macon Mcclain,"$1,322.82","Jan 14, 2023",Lobortis Class Aptent Ltd
0,Deborah Clemons,"$2,207.46","Feb 13, 2023",Ultricies Ornare PC
6,Justine Schultz,"$4,391.00","Jun 9, 2022",Neque Company
2,Len King,"$4,110.29","Jun 22, 2023",Vestibulum Ltd
4,Orlando Hood,"$4,397.77","Jan 18, 2023",Placerat Orci Industries
1,Gregory Barton,"$2,389.55","Dec 30, 2022",Eu Erat Foundation
2,Christen Moody,"$3,695.16","May 10, 2023",Neque Corporation
9,Oleg Ray,"$2,322.02","Jul 16, 2022",Tristique LLP
4,Drew Buck,"$1,150.24","Dec 14, 2022",Quisque Porttitor Corp.
9,Ashely Valentine,"$4,837.94","Aug 18, 2023",A Feugiat Tellus Institute
6,Martena Miles,"$1,578.51","Aug 2, 2022",Velit Pellentesque Associates
8,Signe Barlow,"$1,197.97","Jul 2, 2022",Eleifend Cras Sed Incorporated
2,Kyra Coleman,"$1,547.32","Jun 16, 2023",Condimentum LLC
6,Kevyn Townsend,"$1,101.07","Sep 20, 2023",Pretium Et Industries
8,August Willis,"$4,568.65","May 4, 2023",Donec Consectetuer Associates
2,Quyn Cantrell,"$3,114.06","Jul 26, 2023",Justo Sit PC
8,Kareem Hanson,"$3,696.72","Oct 19, 2023",Ac Sem Ut Corporation
9,Adrian Salazar,"$1,931.37","Jul 26, 2022",Sit Amet Metus Ltd
3,Erin Tillman,"$2,414.82","Jun 27, 2023",Rutrum Lorem Corporation
8,Elizabeth Clemons,"$1,418.02","Sep 2, 2022",Sit Amet PC
1,Laura Tucker,"$3,196.89","Aug 19, 2023",Ligula Nullam Enim Corporation
5,Lester Mccall,"$1,260.64","Sep 1, 2023",Elit Dictum Eu Industries
7,Brennan Berger,"$4,513.47","Sep 1, 2022",Malesuada Vel PC
10,Britanney Miller,"$2,737.50","Sep 18, 2022",Sed Nulla Ante Company
8,Kieran Hoover,"$4,356.78","Jul 5, 2022",Sollicitudin Orci Sem Limited
3,Sydnee Cross,"$3,342.09","Oct 10, 2023",Elit Dictum Corporation
8,Cassandra Robles,"$1,009.20","Dec 28, 2022",Sem Ut Foundation
9,Rhonda Ayala,"$2,548.71","Nov 10, 2022",Sodales Mauris Institute
2,Anthony Goodwin,"$3,623.63","Nov 17, 2022",Aenean Associates
8,Veronica Cox,"$3,922.14","Jan 18, 2023",Lorem LLP
8,George Brennan,"$1,525.76","Jun 12, 2023",A Arcu Sed PC
1,Hilda Flynn,"$3,215.84","Dec 7, 2022",Orci Luctus Consulting
1,Kirby Cabrera,"$3,466.24","Jul 15, 2023",Et Pede Nunc Inc.
8,Brynne Ferguson,"$4,855.83","Feb 26, 2023",Dictum Augue Malesuada Associates
7,Fleur Golden,"$2,124.10","May 18, 2023",Ornare Ltd
9,Solomon Rasmussen,"$2,207.51","Jan 4, 2023",Bibendum Fermentum Limited
4,Dacey Jensen,"$1,957.57","Jun 14, 2022",Lacus Vestibulum Lorem LLP
9,Phyllis Gardner,"$3,770.74","Oct 6, 2023",Mauris Elit LLP
7,Cameron Tanner,"$3,055.42","Aug 25, 2022",Sed Corporation
9,Dustin Howell,"$3,891.29","Sep 14, 2023",Arcu Consulting
5,Willa Marsh,"$3,853.34","Feb 2, 2023",Dapibus Id Blandit PC
